Year,PIB
1990,0.741486101
2000,2.975208629
2011,0.815453101
2012,1.502187905
2013,1.138896602
2014,1.776837703
2015,2.319441456
2016,0.977012682
2017,1.687321406
2018,2.455679199
2019,1.697011299
2020,-3.979552137
